year,month,day,district,fine dust,ultra fine dust
2022,1,1,마포구,23.125,13.54166667
2022,1,1,서대문구,28.29166667,18.29166667
2022,1,2,마포구,29.20833333,20.91666667
2022,1,2,서대문구,34.16666667,24.375
2022,1,3,마포구,23.91666667,15.45833333
2022,1,3,서대문구,25.625,16.80952381
2022,1,4,마포구,28.625,16.33333333
2022,1,4,서대문구,33.875,21.33333333
2022,1,5,마포구,45.91666667,28.20833333
2022,1,5,서대문구,45.70833333,29.29166667
2022,1,6,마포구,49,31.5
2022,1,6,서대문구,47.375,33.54166667
2022,1,7,마포구,50.625,33.79166667
2022,1,7,서대문구,52.65,37.35
2022,1,8,마포구,48.83333333,37.33333333
2022,1,8,서대문구,55.29166667,43.83333333
2022,1,9,마포구,98.375,82.83333333
2022,1,9,서대문구,108.173913,97.625
2022,1,10,마포구,73.125,60.95833333
2022,1,10,서대문구,80.81818182,71.45833333
2022,1,11,마포구,26.38095238,16.0952381
2022,1,11,서대문구,31.95833333,19.125
2022,1,12,마포구,24.41666667,15.08333333
2022,1,12,서대문구,25.79166667,15.95833333
2022,1,13,마포구,27.04166667,11.79166667
2022,1,13,서대문구,35,12.58333333
2022,1,14,마포구,25.58333333,13.875
2022,1,14,서대문구,30.29166667,16.625
2022,1,15,마포구,36.16666667,24.375
2022,1,15,서대문구,40.41666667,27.16666667
2022,1,16,마포구,35.25,23.375
2022,1,16,서대문구,43.16666667,27.875
2022,1,17,마포구,21.45833333,11.91666667
2022,1,17,서대문구,25.66666667,15.33333333
2022,1,18,마포구,32,18.375
2022,1,18,서대문구,36.41666667,17.70833333
2022,1,19,마포구,37.16666667,29.20833333
2022,1,19,서대문구,43.33333333,22.75
2022,1,20,마포구,35.29166667,27.20833333
2022,1,20,서대문구,39.95833333,23.04166667
2022,1,21,마포구,32.4,25.2
2022,1,21,서대문구,32.125,16.79166667
2022,1,22,마포구,46.91666667,39.58333333
2022,1,22,서대문구,48,24.95833333
2022,1,23,마포구,60.625,45.91666667
2022,1,23,서대문구,61.75,35.91666667
2022,1,24,마포구,27.54166667,18.91666667
2022,1,24,서대문구,17,10.875
2022,1,25,마포구,25.45833333,18.08333333
2022,1,25,서대문구,28.6,20.05
2022,1,26,마포구,50.66666667,38.625
2022,1,26,서대문구,57.875,46.54166667
2022,1,27,마포구,52,36.70833333
2022,1,27,서대문구,53.75,41
2022,1,28,마포구,30.41666667,17.95833333
2022,1,28,서대문구,33.125,20.45833333
2022,1,29,마포구,25.16666667,14.83333333
2022,1,29,서대문구,28.54166667,15.95833333
2022,1,30,마포구,28.54166667,16.125
2022,1,30,서대문구,30.75,17.375
2022,1,31,마포구,26,17.16666667
2022,1,31,서대문구,31.29166667,23.375
2022,2,1,마포구,38.41666667,29.58333333
2022,2,1,서대문구,37.73913043,33.41666667
2022,2,2,마포구,30.16666667,22.08333333
2022,2,2,서대문구,28.95454545,25.33333333
2022,2,3,마포구,19.625,12.5
2022,2,3,서대문구,22.08695652,17.04166667
2022,2,4,마포구,19.33333333,11.70833333
2022,2,4,서대문구,20.73913043,13.95833333
2022,2,5,마포구,22.625,8.875
2022,2,5,서대문구,28.54166667,9.916666667
2022,2,6,마포구,19.125,9.916666667
2022,2,6,서대문구,22.875,12.95833333
2022,2,7,마포구,23.66666667,12.625
2022,2,7,서대문구,26.7,16.23809524
2022,2,8,마포구,24.80952381,16.66666667
2022,2,8,서대문구,29.25,19.54166667
2022,2,9,마포구,30.70833333,22.33333333
2022,2,9,서대문구,33.70833333,23.83333333
2022,2,10,마포구,40.125,30.33333333
2022,2,10,서대문구,44.875,30.25
2022,2,11,마포구,70.66666667,61.20833333
2022,2,11,서대문구,79.91666667,65.31818182
2022,2,12,마포구,80.75,68.70833333
2022,2,12,서대문구,79.83333333,65.45833333
2022,2,13,마포구,53.95833333,37.45833333
2022,2,13,서대문구,50.08333333,36.75
2022,2,14,마포구,38.20833333,29.54166667
2022,2,14,서대문구,37.70833333,30.625
2022,2,15,마포구,30.54166667,20.33333333
2022,2,15,서대문구,33.29166667,21.79166667
2022,2,16,마포구,23.75,16.58333333
2022,2,16,서대문구,25.30434783,17.29166667
2022,2,17,마포구,26.52380952,16.57142857
2022,2,17,서대문구,28.66666667,18.08333333
2022,2,18,마포구,37.875,24.75
2022,2,18,서대문구,38.70833333,26.95833333
2022,2,19,마포구,40.33333333,27.125
2022,2,19,서대문구,43.54166667,29.29166667
2022,2,20,마포구,26.08333333,12.20833333
2022,2,20,서대문구,30.625,13.08333333
2022,2,21,마포구,24.08333333,12.125
2022,2,21,서대문구,27.45833333,15.20833333
2022,2,22,마포구,26.83333333,12.41666667
2022,2,22,서대문구,26.91666667,14
2022,2,23,마포구,22.95833333,10.08333333
2022,2,23,서대문구,25.23809524,11.76190476
2022,2,24,마포구,25.875,13.91666667
2022,2,24,서대문구,28.58333333,17.04166667
2022,2,25,마포구,55.29166667,44.79166667
2022,2,25,서대문구,70.41666667,53.66666667
2022,2,26,마포구,56.79166667,41.45833333
2022,2,26,서대문구,68.95652174,50.5
2022,2,27,마포구,41.58333333,20.70833333
2022,2,27,서대문구,46.91666667,25.83333333
2022,2,28,마포구,37.125,14.375
2022,2,28,서대문구,41.66666667,19.79166667
2022,3,1,마포구,34.08333333,20
2022,3,1,서대문구,37.79166667,25.375
2022,3,2,마포구,26,11.875
2022,3,2,서대문구,28.125,15.95833333
2022,3,3,마포구,43.08333333,22.41666667
2022,3,3,서대문구,47.70833333,27.08333333
2022,3,4,마포구,68.75,30.91666667
2022,3,4,서대문구,81.70833333,39.91666667
2022,3,5,마포구,82.41666667,15.16666667
2022,3,5,서대문구,98.69565217,18.79166667
2022,3,6,마포구,37.25,6.833333333
2022,3,6,서대문구,42.34782609,9.708333333
2022,3,7,마포구,35.79166667,15.20833333
2022,3,7,서대문구,26,13
2022,3,8,마포구,43.41666667,20.25
2022,3,8,서대문구,64.375,30.375
2022,3,9,마포구,55.875,33.75
2022,3,9,서대문구,62.75,39.625
2022,3,10,마포구,62.23809524,41.33333333
2022,3,10,서대문구,64.375,42
2022,3,11,마포구,65.95833333,36.58333333
2022,3,11,서대문구,65.125,38.54166667
2022,3,12,마포구,60.5,35.79166667
2022,3,12,서대문구,61,35.95833333
2022,3,13,마포구,15.70833333,10.875
2022,3,13,서대문구,15.33333333,13.91666667
2022,3,14,마포구,15.75,9.375
2022,3,14,서대문구,16.52380952,12.95833333
2022,3,15,마포구,38.66666667,28.08333333
2022,3,15,서대문구,45.26086957,34.41666667
2022,3,16,마포구,54.875,33.66666667
2022,3,16,서대문구,68.28571429,39.25
2022,3,17,마포구,46.16666667,23
2022,3,17,서대문구,43.47619048,23.95238095
2022,3,18,마포구,6.875,2.25
2022,3,18,서대문구,5.208333333,1.25
2022,3,19,마포구,5.333333333,2.083333333
2022,3,19,서대문구,4.416666667,1.625
2022,3,20,마포구,17.8,13.41666667
2022,3,20,서대문구,20.16666667,12.95833333
2022,3,21,마포구,25.29166667,13.45833333
2022,3,21,서대문구,28.08333333,14.83333333
2022,3,22,마포구,33.79166667,21.58333333
2022,3,22,서대문구,35.08333333,18.75
2022,3,23,마포구,30.66666667,17.41666667
2022,3,23,서대문구,36.16666667,17.91666667
2022,3,24,마포구,37.08333333,23.66666667
2022,3,24,서대문구,46.45833333,25.54166667
2022,3,25,마포구,62.0952381,46.85714286
2022,3,25,서대문구,66.20833333,39.29166667
2022,3,26,마포구,13.33333333,6.083333333
2022,3,26,서대문구,11.16666667,5.083333333
2022,3,27,마포구,31.16666667,11.625
2022,3,27,서대문구,29.20833333,10.375
2022,3,28,마포구,31.875,12.70833333
2022,3,28,서대문구,31.25,10
2022,3,29,마포구,37.29166667,14.125
2022,3,29,서대문구,34.54166667,11.08333333
2022,3,30,마포구,34.625,15.375
2022,3,30,서대문구,32.66666667,13.83333333
2022,3,31,마포구,20.04166667,8.375
2022,3,31,서대문구,18.75,7.833333333
2022,4,1,마포구,15.91666667,7.333333333
2022,4,1,서대문구,14.0952381,5.714285714
2022,4,2,마포구,32.75,17.33333333
2022,4,2,서대문구,31.16666667,13.70833333
2022,4,3,마포구,43.75,29.66666667
2022,4,3,서대문구,46.79166667,22.91666667
2022,4,4,마포구,53.08333333,36.625
2022,4,4,서대문구,57.08333333,29.91666667
2022,4,5,마포구,45.75,27.125
2022,4,5,서대문구,42.33333333,19.75
2022,4,6,마포구,49,22.5
2022,4,6,서대문구,53.125,18.54166667
2022,4,7,마포구,35.125,8.916666667
2022,4,7,서대문구,37.66666667,8.708333333
2022,4,8,마포구,45.29166667,19
2022,4,8,서대문구,49.08333333,17.5
2022,4,9,마포구,48.25,19.625
2022,4,9,서대문구,45.91666667,16.875
2022,4,10,마포구,40.45833333,18.29166667
2022,4,10,서대문구,40.125,15.33333333
2022,4,11,마포구,35.95833333,15.79166667
2022,4,11,서대문구,32.95833333,13.16666667
2022,4,12,마포구,27.04761905,14.23809524
2022,4,12,서대문구,25.08333333,11.83333333
2022,4,13,마포구,13.54166667,6.291666667
2022,4,13,서대문구,13.33333333,6.791666667
2022,4,14,마포구,12.625,4.125
2022,4,14,서대문구,9.416666667,2
2022,4,15,마포구,20.04166667,7.916666667
2022,4,15,서대문구,18.5,5.083333333
2022,4,16,마포구,35.08333333,16.875
2022,4,16,서대문구,33.625,11.54166667
2022,4,17,마포구,46.66666667,27.54166667
2022,4,17,서대문구,56.5,21.45833333
2022,4,18,마포구,53.04166667,31.5
2022,4,18,서대문구,57.95652174,24.66666667
2022,4,19,마포구,61.5,37.125
2022,4,19,서대문구,68.20833333,28.08333333
2022,4,20,마포구,64.54166667,42.08333333
2022,4,20,서대문구,70.35,36.9
2022,4,21,마포구,47.66666667,25.08333333
2022,4,21,서대문구,45.70833333,26.70833333
2022,4,22,마포구,45.79166667,22.16666667
2022,4,22,서대문구,46.04166667,28.125
2022,4,23,마포구,54.45833333,32.375
2022,4,23,서대문구,47.25,32.625
2022,4,24,마포구,51.625,30.95833333
2022,4,24,서대문구,50.20833333,31.625
2022,4,25,마포구,47.71428571,30.95238095
2022,4,25,서대문구,40.86956522,28.70833333
2022,4,26,마포구,45.375,22.5
2022,4,26,서대문구,43.875,20
2022,4,27,마포구,134.0416667,13.58333333
2022,4,27,서대문구,159.6666667,18.29166667
2022,4,28,마포구,63.875,13.375
2022,4,28,서대문구,66.875,14.25
2022,4,29,마포구,11.33333333,3
2022,4,29,서대문구,8.166666667,2.333333333
2022,4,30,마포구,15.125,7.25
2022,4,30,서대문구,16.66666667,9.5
2022,5,1,마포구,37.125,12.75
2022,5,1,서대문구,40.79166667,15.29166667
2022,5,2,마포구,45.08333333,18.20833333
2022,5,2,서대문구,36.28571429,17.21428571
2022,5,3,마포구,33.5,17.54166667
2022,5,3,서대문구,32.54166667,16.69565217
2022,5,4,마포구,33.625,16.25
2022,5,4,서대문구,36.25,15.91666667
2022,5,5,마포구,31.41666667,13.91666667
2022,5,5,서대문구,28.75,13.45833333
2022,5,6,마포구,36.45833333,17.875
2022,5,6,서대문구,32.41666667,17.83333333
2022,5,7,마포구,27.16666667,11.125
2022,5,7,서대문구,27.65217391,10.20833333
2022,5,8,마포구,18.75,7.208333333
2022,5,8,서대문구,16.16666667,5.125
2022,5,9,마포구,16.08333333,5.75
2022,5,9,서대문구,13.26315789,4.95
2022,5,10,마포구,24.5,11.45833333
2022,5,10,서대문구,21.54166667,8.875
2022,5,11,마포구,28,12.7
2022,5,11,서대문구,27.33333333,10.54166667
2022,5,12,마포구,29.54166667,13.29166667
2022,5,12,서대문구,28.26086957,10
2022,5,13,마포구,30.20833333,11.5
2022,5,13,서대문구,28.875,10
2022,5,14,마포구,29.95833333,9.333333333
2022,5,14,서대문구,31.375,8.083333333
2022,5,15,마포구,23.08333333,8.25
2022,5,15,서대문구,20.58333333,4.458333333
2022,5,16,마포구,28.70833333,11.16666667
2022,5,16,서대문구,29.20833333,10.5
2022,5,17,마포구,48.33333333,25.20833333
2022,5,17,서대문구,53.33333333,29
2022,5,18,마포구,54.83333333,29.45833333
2022,5,18,서대문구,60.16666667,34.33333333
2022,5,19,마포구,41.125,18.5
2022,5,19,서대문구,43.58333333,18.29166667
2022,5,20,마포구,32.95833333,19.375
2022,5,20,서대문구,32.41666667,17.375
2022,5,21,마포구,33.41666667,18.95833333
2022,5,21,서대문구,37.20833333,21.75
2022,5,22,마포구,35.375,18.875
2022,5,22,서대문구,40.33333333,23.625
2022,5,23,마포구,60,34.55
2022,5,23,서대문구,72.16666667,45.86363636
2022,5,24,마포구,29.70833333,14.91666667
2022,5,24,서대문구,36.25,20
2022,5,25,마포구,23.95833333,12.41666667
2022,5,25,서대문구,21.83333333,9.791666667
2022,5,26,마포구,19.95833333,6.708333333
2022,5,26,서대문구,23,5.5
2022,5,27,마포구,22.25,8.458333333
2022,5,27,서대문구,24.72727273,8.272727273
2022,5,28,마포구,33.75,17.79166667
2022,5,28,서대문구,33.375,16.20833333
2022,5,29,마포구,32.16666667,19.875
2022,5,29,서대문구,27.875,19.375
2022,5,30,마포구,25.95833333,15.25
2022,5,30,서대문구,26.875,15.45833333
2022,5,31,마포구,24.95833333,7.208333333
2022,5,31,서대문구,24.75,5.416666667
2022,6,1,마포구,22.625,7.708333333
2022,6,1,서대문구,21,4.75
2022,6,2,마포구,24.45833333,12.16666667
2022,6,2,서대문구,26.625,12.125
2022,6,3,마포구,34.66666667,19
2022,6,3,서대문구,42.79166667,22.125
2022,6,4,마포구,32,17.25
2022,6,4,서대문구,34.75,17.41666667
2022,6,5,마포구,25.45833333,14.45833333
2022,6,5,서대문구,24,11.45833333
2022,6,6,마포구,8.75,3.791666667
2022,6,6,서대문구,6.541666667,2.041666667
2022,6,7,마포구,7.875,2.25
2022,6,7,서대문구,5.083333333,1.083333333
2022,6,8,마포구,14.5,6.875
2022,6,8,서대문구,15.45833333,6.416666667
2022,6,9,마포구,23,10.33333333
2022,6,9,서대문구,22.5,11
2022,6,10,마포구,24.95238095,14.52380952
2022,6,10,서대문구,23.08333333,13.25
2022,6,11,마포구,22.66666667,10.91666667
2022,6,11,서대문구,17.16666667,8.25
2022,6,12,마포구,22.29166667,13.04166667
2022,6,12,서대문구,22,11.04166667
2022,6,13,마포구,24.41666667,14.33333333
2022,6,13,서대문구,22.58333333,12.625
2022,6,14,마포구,13.83333333,4.041666667
2022,6,14,서대문구,10.58333333,2.083333333
2022,6,15,마포구,11.625,5.083333333
2022,6,15,서대문구,9.1,4.5
2022,6,16,마포구,14.66666667,5.833333333
2022,6,16,서대문구,16.375,6.541666667
2022,6,17,마포구,30.08333333,17.04166667
2022,6,17,서대문구,32.625,19.41666667
2022,6,18,마포구,18.65217391,7.916666667
2022,6,18,서대문구,20.83333333,8.458333333
2022,6,19,마포구,21.375,10.75
2022,6,19,서대문구,23.58333333,11.66666667
2022,6,20,마포구,20.58333333,10
2022,6,20,서대문구,21.66666667,9.904761905
2022,6,21,마포구,18.75,6.958333333
2022,6,21,서대문구,23.625,8.916666667
2022,6,22,마포구,22.29166667,10.5
2022,6,22,서대문구,27.125,11.375
2022,6,23,마포구,25.7,15.7
2022,6,23,서대문구,26.20833333,14.58333333
2022,6,24,마포구,19.875,12.08333333
2022,6,24,서대문구,19.69565217,11
2022,6,25,마포구,41.70833333,28.25
2022,6,25,서대문구,44.33333333,30.875
2022,6,26,마포구,22.29166667,11.625
2022,6,26,서대문구,21.33333333,9.708333333
2022,6,27,마포구,9.541666667,3.166666667
2022,6,27,서대문구,9.166666667,1.375
2022,6,28,마포구,15.52173913,3.583333333
2022,6,28,서대문구,13.29166667,2.291666667
2022,6,29,마포구,12.79166667,4.208333333
2022,6,29,서대문구,9.291666667,2.916666667
2022,6,30,마포구,5.375,2.208333333
2022,6,30,서대문구,3.333333333,1
2022,7,1,마포구,16.08695652,5.166666667
2022,7,1,서대문구,13.16666667,3.333333333
2022,7,2,마포구,25.04166667,14.375
2022,7,2,서대문구,22.375,10.70833333
2022,7,3,마포구,35.47826087,25.79166667
2022,7,3,서대문구,27.5,17.83333333
2022,7,4,마포구,34.41666667,23.33333333
2022,7,4,서대문구,30.375,19.625
2022,7,5,마포구,39.125,28.54166667
2022,7,5,서대문구,29.04166667,18.16666667
2022,7,6,마포구,32.83333333,21.83333333
2022,7,6,서대문구,24.47826087,14.58333333
2022,7,7,마포구,18.95833333,9.666666667
2022,7,7,서대문구,16.20833333,7.125
2022,7,8,마포구,23.45833333,14.20833333
2022,7,8,서대문구,22.625,11.29166667
2022,7,9,마포구,20.875,12.75
2022,7,9,서대문구,20.625,10.04166667
2022,7,10,마포구,36.83333333,25
2022,7,10,서대문구,35.95833333,21.16666667
2022,7,11,마포구,22.04166667,14.16666667
2022,7,11,서대문구,22.19047619,11.04761905
2022,7,12,마포구,9.315789474,3.210526316
2022,7,12,서대문구,9.291666667,2.583333333
2022,7,13,마포구,12.45833333,9.130434783
2022,7,13,서대문구,10.29166667,4.208333333
2022,7,14,마포구,10.56521739,6.125
2022,7,14,서대문구,10.04166667,3.25
2022,7,15,마포구,21.41666667,14.41666667
2022,7,15,서대문구,22.52173913,12.54166667
2022,7,16,마포구,24.125,18.16666667
2022,7,16,서대문구,25.66666667,17
2022,7,17,마포구,19.875,15.29166667
2022,7,17,서대문구,24.625,14.45833333
2022,7,18,마포구,21.95652174,17.04166667
2022,7,18,서대문구,24.13043478,15.375
2022,7,19,마포구,29.29166667,22
2022,7,19,서대문구,30.66666667,18.66666667
2022,7,20,마포구,29.16666667,20.75
2022,7,20,서대문구,30.54166667,17
2022,7,21,마포구,13.375,8.208333333
2022,7,21,서대문구,11.08333333,4.208333333
2022,7,22,마포구,24.91666667,18.45833333
2022,7,22,서대문구,23.625,14
2022,7,23,마포구,33.70833333,26.91666667
2022,7,23,서대문구,29.875,21.70833333
2022,7,24,마포구,15.56521739,11.58333333
2022,7,24,서대문구,12.66666667,7.291666667
2022,7,25,마포구,15.79166667,6.833333333
2022,7,25,서대문구,18.10526316,6.263157895
2022,7,26,마포구,27.04166667,20.04166667
2022,7,26,서대문구,27.58333333,15.375
2022,7,27,마포구,30.19047619,23.57142857
2022,7,27,서대문구,27.125,16.375
2022,7,28,마포구,21.76190476,17.5
2022,7,28,서대문구,21,13.30434783
2022,7,29,마포구,22.95652174,16.91666667
2022,7,29,서대문구,20.04347826,12.58333333
2022,7,30,마포구,16.47826087,12.33333333
2022,7,30,서대문구,12.54166667,7.083333333
2022,7,31,마포구,11.40909091,6.833333333
2022,7,31,서대문구,7.458333333,2.083333333
2022,8,1,마포구,12.05,7.666666667
2022,8,1,서대문구,10.58333333,5.208333333
2022,8,2,마포구,8.45,6.208333333
2022,8,2,서대문구,8,3.25
2022,8,3,마포구,20.77272727,16.875
2022,8,3,서대문구,18.38095238,10.85714286
2022,8,4,마포구,14.29411765,8.947368421
2022,8,4,서대문구,13.625,5.541666667
2022,8,5,마포구,16.83333333,8
2022,8,5,서대문구,14.79166667,6.458333333
2022,8,6,마포구,29.375,20.33333333
2022,8,6,서대문구,27.70833333,15.41666667
2022,8,7,마포구,24,17.45833333
2022,8,7,서대문구,24.45833333,13.54166667
2022,8,8,마포구,18.54166667,9.833333333
2022,8,8,서대문구,16.04347826,7.208333333
2022,8,9,마포구,8,3.375
2022,8,9,서대문구,6.333333333,1.583333333
2022,8,10,마포구,11.08333333,6.125
2022,8,10,서대문구,14.33333333,6.25
2022,8,11,마포구,12.54166667,8.541666667
2022,8,11,서대문구,13.33333333,8.130434783
2022,8,12,마포구,19.29166667,13.16666667
2022,8,12,서대문구,21.75,12.04166667
2022,8,13,마포구,23.5,16.91666667
2022,8,13,서대문구,24.45833333,15.375
2022,8,14,마포구,20.18181818,14.20833333
2022,8,14,서대문구,16.79166667,9.291666667
2022,8,15,마포구,20.75,11.125
2022,8,15,서대문구,20.16666667,7.25
2022,8,16,마포구,19,11.875
2022,8,16,서대문구,20.33333333,9.291666667
2022,8,17,마포구,22.125,14.95833333
2022,8,17,서대문구,20.25,9.25
2022,8,18,마포구,18.83333333,12.79166667
2022,8,18,서대문구,21.04166667,9.375
2022,8,19,마포구,20.70833333,12.58333333
2022,8,19,서대문구,20.04166667,9.875
2022,8,20,마포구,21.95833333,14.66666667
2022,8,20,서대문구,20.13043478,10.52173913
2022,8,21,마포구,23.29166667,15.91666667
2022,8,21,서대문구,20.70833333,11.375
2022,8,22,마포구,20.79166667,14.5
2022,8,22,서대문구,22.16666667,11.66666667
2022,8,23,마포구,14.66666667,8.416666667
2022,8,23,서대문구,14.72727273,5.636363636
2022,8,24,마포구,17,8
2022,8,24,서대문구,13.91666667,4.708333333
2022,8,25,마포구,15.83333333,8.041666667
2022,8,25,서대문구,16.75,6.208333333
2022,8,26,마포구,28.75,21.375
2022,8,26,서대문구,29.79166667,18.5
2022,8,27,마포구,18.83333333,12
2022,8,27,서대문구,20.29166667,9.25
2022,8,28,마포구,15.91666667,9.916666667
2022,8,28,서대문구,11.375,4.958333333
2022,8,29,마포구,13.125,7.375
2022,8,29,서대문구,8.916666667,5.25
2022,8,30,마포구,7.458333333,4.608695652
2022,8,30,서대문구,5.318181818,2.083333333
2022,8,31,마포구,10.66666667,5.5
2022,8,31,서대문구,7.083333333,1.958333333
2022,9,1,마포구,18.125,9.916666667
2022,9,1,서대문구,14.20833333,5.5
2022,9,2,마포구,14.86363636,9.041666667
2022,9,2,서대문구,12.04166667,5.375
2022,9,3,마포구,12.58333333,6.541666667
2022,9,3,서대문구,10.75,3.458333333
2022,9,4,마포구,10.125,6.083333333
2022,9,4,서대문구,6.791666667,3
2022,9,5,마포구,6.652173913,3.541666667
2022,9,5,서대문구,3.409090909,1.375
2022,9,6,마포구,11.70833333,6.166666667
2022,9,6,서대문구,10.7826087,4.636363636
2022,9,7,마포구,27.25,14.04166667
2022,9,7,서대문구,26,10.70833333
2022,9,8,마포구,27.85714286,16.26315789
2022,9,8,서대문구,25.66666667,11.04166667
2022,9,9,마포구,21.72727273,12.83333333
2022,9,9,서대문구,13.41666667,7.041666667
2022,9,10,마포구,10.5,6.208333333
2022,9,10,서대문구,7.727272727,3.333333333
2022,9,11,마포구,18.54166667,12.75
2022,9,11,서대문구,15.45833333,8.083333333
2022,9,12,마포구,21.33333333,13.875
2022,9,12,서대문구,18.04347826,9.458333333
2022,9,13,마포구,20.54166667,14.04166667
2022,9,13,서대문구,14.70833333,9.739130435
2022,9,14,마포구,19.375,9.708333333
2022,9,14,서대문구,15.20833333,6.666666667
2022,9,15,마포구,20.70833333,10.95833333
2022,9,15,서대문구,15.16666667,8.208333333
2022,9,16,마포구,22.45833333,12.83333333
2022,9,16,서대문구,19.41666667,10.625
2022,9,17,마포구,19.56521739,14.08333333
2022,9,17,서대문구,18.08333333,11.45833333
2022,9,18,마포구,18.58333333,12.83333333
2022,9,18,서대문구,15.56521739,9.125
2022,9,19,마포구,18.625,8.5
2022,9,19,서대문구,16.04166667,5.333333333
2022,9,20,마포구,23.125,7.208333333
2022,9,20,서대문구,21.70833333,5.833333333
2022,9,21,마포구,26.45833333,12.29166667
2022,9,21,서대문구,21.76190476,8.380952381
2022,9,22,마포구,20,9.666666667
2022,9,22,서대문구,18.45833333,7.291666667
2022,9,23,마포구,22.29166667,10.04166667
2022,9,23,서대문구,23,7.375
2022,9,24,마포구,16.5,7.5
2022,9,24,서대문구,11.1,4.636363636
2022,9,25,마포구,22.16666667,12.16666667
2022,9,25,서대문구,NA,NA
2022,9,26,마포구,24.91666667,14.16666667
2022,9,26,서대문구,25.33333333,9.222222222
2022,9,27,마포구,26.91666667,16.5
2022,9,27,서대문구,17.75,8.695652174
2022,9,28,마포구,29.625,20
2022,9,28,서대문구,23.41666667,14.16666667
2022,9,29,마포구,56.29166667,48
2022,9,29,서대문구,60.54166667,46.83333333
2022,9,30,마포구,44.45833333,35.625
2022,9,30,서대문구,44.25,31.33333333
2022,10,1,마포구,47.83333333,35.45833333
2022,10,1,서대문구,42.45833333,30.95833333
2022,10,2,마포구,29.875,23.58333333
2022,10,2,서대문구,26.79166667,18.54166667
2022,10,3,마포구,14.91666667,11.16666667
2022,10,3,서대문구,10.59090909,5.958333333
2022,10,4,마포구,12.91666667,6.291666667
2022,10,4,서대문구,11.40909091,4.545454545
2022,10,5,마포구,18.29166667,8.958333333
2022,10,5,서대문구,14.33333333,5.041666667
2022,10,6,마포구,9.863636364,4.208333333
2022,10,6,서대문구,6.375,1.208333333
2022,10,7,마포구,11.54166667,5.375
2022,10,7,서대문구,9.416666667,2.625
2022,10,8,마포구,10.66666667,5.958333333
2022,10,8,서대문구,7.375,1.833333333
2022,10,9,마포구,9.375,5
2022,10,9,서대문구,6.391304348,3.208333333
2022,10,10,마포구,8.958333333,3.833333333
2022,10,10,서대문구,7.541666667,1.791666667
2022,10,11,마포구,14.09090909,8.590909091
2022,10,11,서대문구,14.16666667,6.125
2022,10,12,마포구,21.41666667,14.2173913
2022,10,12,서대문구,17.79166667,8.75
2022,10,13,마포구,19.5,12.5
2022,10,13,서대문구,15.70833333,5.875
2022,10,14,마포구,25,16.04166667
2022,10,14,서대문구,21.125,12.33333333
2022,10,15,마포구,31.41666667,20.875
2022,10,15,서대문구,26.66666667,14.70833333
2022,10,16,마포구,33.75,25.04166667
2022,10,16,서대문구,30.625,18.75
2022,10,17,마포구,23.83333333,11.5
2022,10,17,서대문구,27.25,9.583333333
2022,10,18,마포구,19.95833333,10.04166667
2022,10,18,서대문구,20.7826087,6
2022,10,19,마포구,20.83333333,11.125
2022,10,19,서대문구,21.04166667,8.041666667
2022,10,20,마포구,31,19.54545455
2022,10,20,서대문구,34.33333333,15
2022,10,21,마포구,40.86956522,31.75
2022,10,21,서대문구,52.16666667,33.58333333
2022,10,22,마포구,35.375,29.375
2022,10,22,서대문구,44,29.58333333
2022,10,23,마포구,31.125,18.66666667
2022,10,23,서대문구,38.75,20.375
2022,10,24,마포구,24.75,11.91666667
2022,10,24,서대문구,27.8,9.421052632
2022,10,25,마포구,16.79166667,9.333333333
2022,10,25,서대문구,13,4.238095238
2022,10,26,마포구,15.375,8.041666667
2022,10,26,서대문구,15.08333333,4.916666667
2022,10,27,마포구,26.125,15.95833333
2022,10,27,서대문구,27.33333333,12.20833333
2022,10,28,마포구,37.20833333,23.41666667
2022,10,28,서대문구,32.66666667,18.70833333
2022,10,29,마포구,23.16666667,16.08333333
2022,10,29,서대문구,18.45833333,10.16666667
2022,10,30,마포구,23.70833333,16.5
2022,10,30,서대문구,18.91666667,10.625
2022,10,31,마포구,23.5,14.95833333
2022,10,31,서대문구,21.83333333,10.95833333
2022,11,1,마포구,40.25,27.29166667
2022,11,1,서대문구,44.75,28.66666667
2022,11,2,마포구,27.63636364,13.34782609
2022,11,2,서대문구,27.66666667,9.375
2022,11,3,마포구,25.95833333,12.54166667
2022,11,3,서대문구,29.875,10.95833333
2022,11,4,마포구,21.70833333,8.208333333
2022,11,4,서대문구,27.58333333,6
2022,11,5,마포구,24.33333333,12.75
2022,11,5,서대문구,26.875,9.708333333
2022,11,6,마포구,23,14.20833333
2022,11,6,서대문구,24.79166667,11.41666667
2022,11,7,마포구,29.58333333,18.25
2022,11,7,서대문구,34.25,17.375
2022,11,8,마포구,39.875,29.79166667
2022,11,8,서대문구,42.95833333,28.66666667
2022,11,9,마포구,59.20833333,47.70833333
2022,11,9,서대문구,66.20833333,46.875
2022,11,10,마포구,71.375,60.54166667
2022,11,10,서대문구,74.41666667,57.08333333
2022,11,11,마포구,49.54166667,37.58333333
2022,11,11,서대문구,44.66666667,28.91666667
2022,11,12,마포구,43.70833333,32.79166667
2022,11,12,서대문구,44.43478261,31.20833333
2022,11,13,마포구,19.125,12
2022,11,13,서대문구,17.125,10.95833333
2022,11,14,마포구,23.45454545,17.54545455
2022,11,14,서대문구,20.47619048,13.0952381
2022,11,15,마포구,24.91666667,16.125
2022,11,15,서대문구,30.25,17.20833333
2022,11,16,마포구,28.30434783,21.125
2022,11,16,서대문구,36.04166667,24.75
2022,11,17,마포구,33.66666667,20.66666667
2022,11,17,서대문구,39,21.75
2022,11,18,마포구,37.58333333,26.91666667
2022,11,18,서대문구,45.04166667,28.83333333
2022,11,19,마포구,31.875,17.2
2022,11,19,서대문구,24.91666667,13.41666667
2022,11,20,마포구,29.66666667,19.70833333
2022,11,20,서대문구,23.5,12.08333333
2022,11,21,마포구,36.58333333,26.04166667
2022,11,21,서대문구,30.95454545,20.04545455
2022,11,22,마포구,53.91666667,41.125
2022,11,22,서대문구,51.41666667,33.91666667
2022,11,23,마포구,41.375,29.125
2022,11,23,서대문구,37.70833333,23.125
2022,11,24,마포구,43.83333333,29.125
2022,11,24,서대문구,46.95833333,26
2022,11,25,마포구,47.66666667,34.70833333
2022,11,25,서대문구,60.41666667,37.375
2022,11,26,마포구,49.04166667,18.33333333
2022,11,26,서대문구,62.41666667,20.04166667
2022,11,27,마포구,19.59090909,11.59090909
2022,11,27,서대문구,17.29166667,6.833333333
2022,11,28,마포구,24.83333333,13.5
2022,11,28,서대문구,23.30434783,9.875
2022,11,29,마포구,19.20833333,9.291666667
2022,11,29,서대문구,20.04347826,9.791666667
2022,11,30,마포구,18.66666667,5.458333333
2022,11,30,서대문구,27.41666667,6.833333333
2022,12,1,마포구,20.63636364,9.15
2022,12,1,서대문구,20.66666667,7.958333333
2022,12,2,마포구,17.66666667,10.04166667
2022,12,2,서대문구,20.5,9.833333333
2022,12,3,마포구,30.125,23.625
2022,12,3,서대문구,34.83333333,24.125
2022,12,4,마포구,16.66666667,7.041666667
2022,12,4,서대문구,21.41666667,9.291666667
2022,12,5,마포구,19.66666667,11.875
2022,12,5,서대문구,20.61904762,10.14285714
2022,12,6,마포구,25.125,17
2022,12,6,서대문구,26.375,13.125
2022,12,7,마포구,29.625,15.83333333
2022,12,7,서대문구,32,13
2022,12,8,마포구,24.91666667,12.625
2022,12,8,서대문구,24.75,8.333333333
2022,12,9,마포구,38.16666667,26.79166667
2022,12,9,서대문구,37.41666667,22.45833333
2022,12,10,마포구,37.58333333,24.375
2022,12,10,서대문구,33.29166667,16.5
2022,12,11,마포구,37.95833333,26.58333333
2022,12,11,서대문구,37.29166667,20.875
2022,12,12,마포구,29.79166667,22.04166667
2022,12,12,서대문구,33.125,19.75
2022,12,13,마포구,161.0833333,39.41666667
2022,12,13,서대문구,194.6956522,35
2022,12,14,마포구,36,10.16666667
2022,12,14,서대문구,53.875,7.583333333
2022,12,15,마포구,29.54166667,21
2022,12,15,서대문구,28.79166667,16.58333333
2022,12,16,마포구,27.20833333,19.125
2022,12,16,서대문구,26.91666667,14.08333333
2022,12,17,마포구,23.20833333,15.375
2022,12,17,서대문구,22.125,11.91666667
2022,12,18,마포구,16.91666667,7
2022,12,18,서대문구,19.08333333,5.541666667
2022,12,19,마포구,19.20833333,12.54166667
2022,12,19,서대문구,21.54166667,10.29166667
2022,12,20,마포구,27.5,21.85
2022,12,20,서대문구,27.20833333,15.33333333
2022,12,21,마포구,39.20833333,32.625
2022,12,21,서대문구,40.59090909,25.47826087
2022,12,22,마포구,26.70833333,12.5
2022,12,22,서대문구,29.375,12.125
2022,12,23,마포구,17.45833333,11.41666667
2022,12,23,서대문구,19.95833333,7.333333333
2022,12,24,마포구,24.875,18.45833333
2022,12,24,서대문구,26.83333333,16.41666667
2022,12,25,마포구,38.25,32
2022,12,25,서대문구,36.54166667,27.70833333
2022,12,26,마포구,42.25,37.04166667
2022,12,26,서대문구,45.25,33.79166667
2022,12,27,마포구,43.54166667,38.25
2022,12,27,서대문구,44.09090909,32.59090909
2022,12,28,마포구,30.25,21.33333333
2022,12,28,서대문구,33,18.08333333
2022,12,29,마포구,28,20.20833333
2022,12,29,서대문구,28,15.20833333
2022,12,30,마포구,34.79166667,29.58333333
2022,12,30,서대문구,36.875,26.41666667
2022,12,31,마포구,41.79166667,35.5
2022,12,31,서대문구,41.25,29.58333333